Card,Quantity
Abzan Battle Priest,1
Abzan Falconer,1
Aerie Bowmasters,1
Ainok Artillerist,1
Arashin Sovereign,1
Artful Maneuver,1
Atarka Beastbreaker,1
Avatar of the Resolute,4
Blessed Reincarnation,1
Colossodon Yearling,1
Conifer Strider,1
Crater Elemental,1
Death Wind,2
Den Protector,2
Despise,1
Dragonlord's Prerogative,2
Dromoka Captain,1
Dromoka Monument,1
Dromoka's Command,1
Dutiful Attendant,1
Dutiful Return,1
Efreet Weaponmaster,3
Elusive Spellfist,1
Encase in Ice,1
Enduring Scalelord,1
Epic Confrontation,1
Fate Forgotten,1
Feat of Resistance,1
Flying Crane Technique,1
Foe-Razer Regent,2
Forest,26
Foul Renewal,2
Glade Watcher,1
Glaring Aegis,1
Gleam of Authority,2
Glint,1
Gravepurge,1
Guardian Shield-Bearer,1
Gurmag Drowner,1
Hand of Silumgar,1
Harbinger of the Hunt,2
Hardened Berserker,1
Herald of Anafenza,2
Hidden Dragonslayer,3
Howl of the Horde,2
Icefall Regent,1
Incremental Growth,1
Inspiring Call,1
Island,20
Jeskai Banner,1
Jeskai Charm,2
Jeskai Elder,1
Kill Shot,1
Kindled Fury,1
Kolaghan Stormsinger,1
Lightning Berserker,1
Lightwalker,1
Longshot Squad,1
Lose Calm,1
Mindswipe,1
Minister of Pain,1
Mirror Mockery,3
Misthoof Kirin,1
Mountain,17
Mystic Meditation,1
Myth Realized,2
Naturalize,1
Necromaster Dragon,2
Necropolis Fiend,1
Negate,1
Ojutai's Breath,1
Ojutai's Command,1
Ojutai's Summons,1
Pacifism,1
Palace Familiar,1
Pinion Feast,1
Plains,19
Press the Advantage,1
Profaner of the Dead,2
Quiet Contemplation,1
Radiant Purge,2
Rakshasa Gravecaller,1
Rattleclaw Mystic,1
Revealing Wind,1
Roast,1
Sabertooth Outrider,1
Sage of the Inward Eye,1
Salt Road Ambushers,1
Sandcrafter Mage,1
Savage Ventmaw,1
Screamreach Brawler,1
Seeker of the Way,1
Servant of the Scale,2
Shambling Goblin,1
Shape the Sands,1
Sheltered Aerie,1
Sight Beyond Sight,1
Sight of the Scalelords,1
Silumgar Butcher,2
Silumgar Spell-Eater,1
Silumgar's Command,1
Sprinting Warbrute,1
Summit Prowler,1
Sunbringer's Touch,2
Suspension Field,1
Swamp,13
Taigam's Scheming,1
Taigam's Strike,1
Tail Slash,1
Territorial Roc,1
Tread Upon,1
Tuskguard Captain,1
Twin Bolt,1
Vial of Dragonfire,1
Volcanic Rush,1
Vulturous Aven,2
Wandering Tombshell,1
Warden of the Eye,1
Weave Fate,1
Wind-Scarred Crag,2
Youthful Scholar,1
Zephyr Scribe,1
